mutant,cAMP_Emax_zscore,cAMP_LogEC50_zscore,arrestin_Emax_zscore,arrestin_LogEC50_zscore
A15T,1.1816221264315958,0.6535914362994195,0.9668057484619679,0.19850350113397724
H22L,1.9712915475102712,0.7679699376518189,0.5964868370973581,-0.4247051652168784
R41S,0.6743892136219354,0.42483443359462386,1.18303222690976,-0.04154724442338792
P91A,0.08069614521971906,0.8660086530967329,0.4970723642477983,-0.3300697751413771
P91T,0.6570971825034243,1.1731966281574622,-1.0644804680366602,1.8580850978238497
E161K,0.830017493688536,0.6535914362994195,-0.5728758997955875,0.31160433317542785
T198I,0.9568257218909504,0.032679571814970394,0.4299675950743455,0.21235258260844125
T209M,0.3343126016245489,0.9150280108191885,0.4399090423593016,0.5516550787327971
V230A,-0.2905061227909878,2.120904210791624,-2.4853618212389916,2.0265822557631563
V234I,0.7205012966046316,-0.7352903658368514,-0.5805805214414285,-0.062320866635083925
R261C,-0.03516046327430599,3.0032526497958423,-2.4853618212389916,2.0265822557631563
T287M,1.5505187902931674,0.261436574519769,-0.9740132977435608,-1.0779201747624088
R298W,0.4726488505726385,-0.179737644982343,0.9817179193894017,0.8124794465018583
W340R,-0.33027779436356336,2.836586833539489,-2.152323337192967,2.0265822557631563
G441A,0.5936930684022163,0.261436574519769,0.41754078596815053,-0.0738617678638053
D470N,2.1038637860855243,-0.7352903658368514,-0.8875227063644437,-0.5562714392242823
R472W,0.8646015559255579,-0.5392129349470232,-0.4955811471550549,0.41316426398816114
A515T,-0.5233721418536043,-0.5392129349470232,0.6437087117008989,1.096385616728358
R523H,0.39771671572575695,-0.14705807316736969,-0.39368131248425636,1.0663792735336874
R526Q,0.2651444771505041,-0.06535914362994369,-1.4904714841970232,-1.18640464631237
V64I,1.077869939720529,-0.14705807316736969,-0.7781667862299284,-0.24697528629459717
R74Q,-0.3527574348176279,0.35947528996468014,-1.173587851989052,-0.8932657551028956
V21I,2.3978283151002135,-0.0816989295374289,-0.6598635635389523,-1.5880280090718097
R458C,-1.1118776009202678,-0.620911864484452,-0.27612369833965195,-0.1477235357276106
P36A,1.1585660849402473,-1.1111054417090196,0.0024853618212388505,0.5424223577498225
R204Q,-1.871574168060191,0.0,-1.4924597736540144,0.0807863086010373
A515V,-0.3665910597124365,0.0,0.5293820679239052,1.112542878448569
F454C,-0.31183296117048437,-0.964047368541647,-1.1305910924816174,-0.565504160207257
E255A,-1.102655184323728,-0.9477075826341618,0.6710476917345277,1.2925809376165927
R458H,-1.386820895704595,-0.32679571814971264,-0.3288133689499187,2.0265822557631563
